{"0": {"val_acc": 15.59999942779541, "train_acc": 26.756811141967773, "epoch_time": 15.224012613296509}, "1": {"val_acc": 11.84999942779541, "train_acc": 10.931490898132324, "epoch_time": 28.416614055633545}, "2": {"val_acc": 12.989999771118164, "train_acc": 41.053688049316406, "epoch_time": 28.493174076080322}, "3": {"val_acc": 12.519999504089355, "train_acc": 52.778446197509766, "epoch_time": 28.634289264678955}, "4": {"val_acc": 11.579999923706055, "train_acc": 11.306090354919434, "epoch_time": 23.331421852111816}, "5": {"val_acc": 11.829999923706055, "train_acc": 11.161859512329102, "epoch_time": 23.291939973831177}, "6": {"val_acc": 12.109999656677246, "train_acc": 19.523237228393555, "epoch_time": 61.23154830932617}, "7": {"val_acc": 13.109999656677246, "train_acc": 25.649038314819336, "epoch_time": 59.987321853637695}, "8": {"val_acc": 38.20000076293945, "train_acc": 37.62019348144531, "epoch_time": 18.00598382949829}, "9": {"val_acc": 34.97999954223633, "train_acc": 33.76001739501953, "epoch_time": 19.968611478805542}, "10": {"val_acc": 16.25, "train_acc": 29.877805709838867, "epoch_time": 17.65869688987732}, "11": {"val_acc": 23.26999855041504, "train_acc": 19.451122283935547, "epoch_time": 21.939077854156494}, "12": {"val_acc": 19.85999870300293, "train_acc": 17.59415054321289, "epoch_time": 19.79048800468445}, "13": {"val_acc": 11.799999237060547, "train_acc": 10.831330299377441, "epoch_time": 22.33563208580017}, "14": {"val_acc": 19.939998626708984, "train_acc": 17.495994567871094, "epoch_time": 23.155408143997192}, "15": {"val_acc": 14.739999771118164, "train_acc": 20.76522445678711, "epoch_time": 21.157245874404907}, "16": {"val_acc": 14.710000038146973, "train_acc": 25.044071197509766, "epoch_time": 21.013429403305054}, "17": {"val_acc": 15.519999504089355, "train_acc": 20.522836685180664, "epoch_time": 21.188886642456055}, "18": {"val_acc": 36.16999816894531, "train_acc": 32.8125, "epoch_time": 24.13876748085022}, "19": {"val_acc": 17.809999465942383, "train_acc": 21.887020111083984, "epoch_time": 23.668202877044678}, "20": {"val_acc": 11.639999389648438, "train_acc": 11.26802921295166, "epoch_time": 25.808857440948486}, "21": {"val_acc": 31.44999885559082, "train_acc": 27.127405166625977, "epoch_time": 26.102526903152466}, "22": {"val_acc": 19.969999313354492, "train_acc": 17.471956253051758, "epoch_time": 26.172932624816895}}