{"0": {"val_acc": 71.93333435058594, "train_acc": 97.77198791503906, "epoch_time": 15.108802556991577}, "1": {"val_acc": 84.50666809082031, "train_acc": 77.7532958984375, "epoch_time": 31.105088233947754}, "2": {"val_acc": 84.38666534423828, "train_acc": 81.36573791503906, "epoch_time": 30.068605661392212}, "3": {"val_acc": 80.49333190917969, "train_acc": 88.72863006591797, "epoch_time": 29.974398374557495}, "4": {"val_acc": 82.55999755859375, "train_acc": 69.88737487792969, "epoch_time": 23.995718002319336}, "5": {"val_acc": 82.67333221435547, "train_acc": 69.20628356933594, "epoch_time": 23.990893125534058}, "6": {"val_acc": 80.94000244140625, "train_acc": 95.22124481201172, "epoch_time": 66.07182240486145}, "7": {"val_acc": 77.78666687011719, "train_acc": 96.7147445678711, "epoch_time": 64.34753465652466}, "8": {"val_acc": 82.17333221435547, "train_acc": 89.07140350341797, "epoch_time": 17.752899169921875}, "9": {"val_acc": 81.94000244140625, "train_acc": 84.53080749511719, "epoch_time": 19.60778045654297}, "10": {"val_acc": 77.99333190917969, "train_acc": 93.8434829711914, "epoch_time": 17.198538541793823}, "11": {"val_acc": 86.26667022705078, "train_acc": 85.10950469970703, "epoch_time": 21.096686840057373}, "12": {"val_acc": 87.36666870117188, "train_acc": 90.35122680664062, "epoch_time": 19.18585753440857}, "13": {"val_acc": 77.59333038330078, "train_acc": 78.65028381347656, "epoch_time": 22.382503747940063}, "14": {"val_acc": 80.57333374023438, "train_acc": 78.14948272705078, "epoch_time": 22.41659903526306}, "15": {"val_acc": 20.1200008392334, "train_acc": 96.5322265625, "epoch_time": 23.021079301834106}, "16": {"val_acc": 16.886667251586914, "train_acc": 88.10541534423828, "epoch_time": 23.207409858703613}, "17": {"val_acc": 17.16666603088379, "train_acc": 97.07086944580078, "epoch_time": 23.32827615737915}, "18": {"val_acc": 13.733333587646484, "train_acc": 78.68589782714844, "epoch_time": 25.821324348449707}, "19": {"val_acc": 17.133333206176758, "train_acc": 85.38995361328125, "epoch_time": 25.380760431289673}, "20": {"val_acc": 17.03333282470703, "train_acc": 78.93518829345703, "epoch_time": 27.33652949333191}, "21": {"val_acc": 25.906667709350586, "train_acc": 79.64075469970703, "epoch_time": 27.675143241882324}, "22": {"val_acc": 82.58000183105469, "train_acc": 77.39271545410156, "epoch_time": 26.702723741531372}}