{"0": {"val_acc": 82.4000015258789, "train_acc": 98.29927825927734, "epoch_time": 15.92423129081726}, "1": {"val_acc": 91.91999816894531, "train_acc": 81.73477935791016, "epoch_time": 32.795655488967896}, "2": {"val_acc": 92.04000091552734, "train_acc": 84.22876739501953, "epoch_time": 33.34652304649353}, "3": {"val_acc": 87.77999877929688, "train_acc": 90.32251739501953, "epoch_time": 32.32952380180359}, "4": {"val_acc": 90.82999420166016, "train_acc": 73.59375, "epoch_time": 25.841307878494263}, "5": {"val_acc": 90.88999938964844, "train_acc": 73.50560760498047, "epoch_time": 25.627763271331787}, "6": {"val_acc": 87.90999603271484, "train_acc": 96.03565979003906, "epoch_time": 70.92088103294373}, "7": {"val_acc": 85.80999755859375, "train_acc": 94.06450653076172, "epoch_time": 68.96594738960266}, "8": {"val_acc": 88.79999542236328, "train_acc": 91.43429565429688, "epoch_time": 18.846893310546875}, "9": {"val_acc": 89.23999786376953, "train_acc": 85.65304565429688, "epoch_time": 20.922780752182007}, "10": {"val_acc": 85.38999938964844, "train_acc": 94.69151306152344, "epoch_time": 18.31247091293335}, "11": {"val_acc": 92.47000122070312, "train_acc": 87.14543914794922, "epoch_time": 23.1205153465271}, "12": {"val_acc": 92.16999816894531, "train_acc": 91.27404022216797, "epoch_time": 20.612780570983887}, "13": {"val_acc": 86.40999603271484, "train_acc": 81.17989349365234, "epoch_time": 23.642635583877563}, "14": {"val_acc": 89.48999786376953, "train_acc": 82.22756958007812, "epoch_time": 24.55670189857483}, "15": {"val_acc": 27.6299991607666, "train_acc": 95.13622283935547, "epoch_time": 25.384854555130005}, "16": {"val_acc": 25.959999084472656, "train_acc": 62.64423370361328, "epoch_time": 25.66701912879944}, "17": {"val_acc": 28.3799991607666, "train_acc": 94.79167175292969, "epoch_time": 25.681096076965332}, "18": {"val_acc": 22.299999237060547, "train_acc": 44.47916793823242, "epoch_time": 28.474411487579346}, "19": {"val_acc": 27.479999542236328, "train_acc": 89.39503479003906, "epoch_time": 28.045116901397705}, "20": {"val_acc": 29.3799991607666, "train_acc": 53.8621826171875, "epoch_time": 30.396119594573975}, "21": {"val_acc": 21.619998931884766, "train_acc": 77.8165054321289, "epoch_time": 30.545902967453003}, "22": {"val_acc": 90.1199951171875, "train_acc": 81.31410217285156, "epoch_time": 29.480912685394287}}