{"0": {"val_acc": 76.75, "train_acc": 99.140625, "epoch_time": 15.239410877227783}, "1": {"val_acc": 80.02999877929688, "train_acc": 69.62339782714844, "epoch_time": 29.527436017990112}, "2": {"val_acc": 80.1500015258789, "train_acc": 73.63381958007812, "epoch_time": 29.535109281539917}, "3": {"val_acc": 78.08999633789062, "train_acc": 86.04767608642578, "epoch_time": 29.476439476013184}, "4": {"val_acc": 81.0, "train_acc": 67.59615325927734, "epoch_time": 23.8434579372406}, "5": {"val_acc": 81.6199951171875, "train_acc": 69.19070434570312, "epoch_time": 24.054383754730225}, "6": {"val_acc": 79.5, "train_acc": 96.39423370361328, "epoch_time": 62.97530198097229}, "7": {"val_acc": 78.19999694824219, "train_acc": 98.78205108642578, "epoch_time": 61.14285445213318}, "8": {"val_acc": 75.20999908447266, "train_acc": 92.8505630493164, "epoch_time": 18.01360034942627}, "9": {"val_acc": 76.1199951171875, "train_acc": 90.09415435791016, "epoch_time": 19.818796396255493}, "10": {"val_acc": 79.22000122070312, "train_acc": 98.46554565429688, "epoch_time": 17.538946628570557}, "11": {"val_acc": 70.30999755859375, "train_acc": 68.94831848144531, "epoch_time": 21.671385526657104}, "12": {"val_acc": 70.19999694824219, "train_acc": 70.25640869140625, "epoch_time": 19.721365690231323}, "13": {"val_acc": 65.54999542236328, "train_acc": 62.574119567871094, "epoch_time": 22.26039433479309}, "14": {"val_acc": 66.45999908447266, "train_acc": 62.0072135925293, "epoch_time": 23.10503888130188}, "15": {"val_acc": 80.57999420166016, "train_acc": 96.23597717285156, "epoch_time": 21.558059215545654}, "16": {"val_acc": 81.47000122070312, "train_acc": 87.84455108642578, "epoch_time": 21.618059873580933}, "17": {"val_acc": 82.47000122070312, "train_acc": 79.5352554321289, "epoch_time": 21.652145862579346}, "18": {"val_acc": 76.87999725341797, "train_acc": 82.11739349365234, "epoch_time": 24.480037689208984}, "19": {"val_acc": 80.73999786376953, "train_acc": 94.95793914794922, "epoch_time": 24.176483392715454}, "20": {"val_acc": 68.77999877929688, "train_acc": 61.522438049316406, "epoch_time": 26.172350645065308}, "21": {"val_acc": 76.87999725341797, "train_acc": 80.63101196289062, "epoch_time": 26.256699562072754}, "22": {"val_acc": 78.77999877929688, "train_acc": 74.96794891357422, "epoch_time": 26.73842167854309}}