{"0": {"val_acc": 49.56495666503906, "train_acc": 89.02845001220703, "epoch_time": 15.323251008987427}, "8": {"val_acc": 57.43574523925781, "train_acc": 72.05929565429688, "epoch_time": 18.1656711101532}, "9": {"val_acc": 56.50564956665039, "train_acc": 63.54166793823242, "epoch_time": 19.932222604751587}, "10": {"val_acc": 48.94489669799805, "train_acc": 79.8036880493164, "epoch_time": 17.628416299819946}, "11": {"val_acc": 58.31583023071289, "train_acc": 61.44831848144531, "epoch_time": 22.25132155418396}, "12": {"val_acc": 57.835784912109375, "train_acc": 64.12660217285156, "epoch_time": 19.808515548706055}, "13": {"val_acc": 59.25592803955078, "train_acc": 57.35977554321289, "epoch_time": 22.66942310333252}, "14": {"val_acc": 58.87588882446289, "train_acc": 58.355369567871094, "epoch_time": 23.283957719802856}, "15": {"val_acc": 52.41524124145508, "train_acc": 57.934696197509766, "epoch_time": 21.964162588119507}, "16": {"val_acc": 51.55515670776367, "train_acc": 54.32892608642578, "epoch_time": 22.110296964645386}, "17": {"val_acc": 49.864986419677734, "train_acc": 52.0072135925293, "epoch_time": 22.06946325302124}, "18": {"val_acc": 56.14561462402344, "train_acc": 57.54808044433594, "epoch_time": 24.797148942947388}, "19": {"val_acc": 52.365238189697266, "train_acc": 56.63461685180664, "epoch_time": 24.3998761177063}, "20": {"val_acc": 56.33563232421875, "train_acc": 55.11017990112305, "epoch_time": 26.68900728225708}, "21": {"val_acc": 55.685569763183594, "train_acc": 57.69831848144531, "epoch_time": 26.883033514022827}}