{"0": {"val_acc": 58.38999938964844, "train_acc": 97.89663696289062, "epoch_time": 13.22294807434082}, "1": {"val_acc": 78.22999572753906, "train_acc": 81.35266876220703, "epoch_time": 26.23503541946411}, "2": {"val_acc": 75.61000061035156, "train_acc": 90.48226928710938, "epoch_time": 26.171793222427368}, "3": {"val_acc": 65.63999938964844, "train_acc": 94.20072174072266, "epoch_time": 26.223709106445312}, "4": {"val_acc": 74.75, "train_acc": 75.05509185791016, "epoch_time": 20.95312523841858}, "5": {"val_acc": 74.68999481201172, "train_acc": 75.56590270996094, "epoch_time": 20.872670650482178}, "6": {"val_acc": 65.79000091552734, "train_acc": 94.60386657714844, "epoch_time": 57.52618765830994}, "7": {"val_acc": 61.22999954223633, "train_acc": 96.25650787353516, "epoch_time": 55.868115186691284}, "8": {"val_acc": 70.0999984741211, "train_acc": 85.55939483642578, "epoch_time": 15.424620151519775}, "9": {"val_acc": 70.44999694824219, "train_acc": 83.1405258178711, "epoch_time": 16.9617178440094}, "10": {"val_acc": 61.66999816894531, "train_acc": 94.80919647216797, "epoch_time": 14.896944999694824}, "11": {"val_acc": 76.16999816894531, "train_acc": 83.72896575927734, "epoch_time": 18.46943688392639}, "12": {"val_acc": 76.81999969482422, "train_acc": 87.2646255493164, "epoch_time": 16.781012773513794}, "13": {"val_acc": 73.16999816894531, "train_acc": 73.7655258178711, "epoch_time": 18.977750301361084}, "14": {"val_acc": 77.5999984741211, "train_acc": 81.12730407714844, "epoch_time": 19.593924522399902}, "15": {"val_acc": 59.81999969482422, "train_acc": 97.92167663574219, "epoch_time": 20.856980800628662}, "16": {"val_acc": 61.30999755859375, "train_acc": 97.56861114501953, "epoch_time": 20.89000415802002}, "17": {"val_acc": 60.55999755859375, "train_acc": 97.28315734863281, "epoch_time": 21.145704746246338}, "18": {"val_acc": 68.43999481201172, "train_acc": 85.66957092285156, "epoch_time": 23.143585205078125}, "19": {"val_acc": 61.89999771118164, "train_acc": 94.64142608642578, "epoch_time": 22.558319807052612}, "20": {"val_acc": 73.37999725341797, "train_acc": 84.07201385498047, "epoch_time": 24.549023866653442}, "21": {"val_acc": 69.23999786376953, "train_acc": 80.22085571289062, "epoch_time": 24.75960874557495}, "22": {"val_acc": 75.00999450683594, "train_acc": 83.0428695678711, "epoch_time": 23.667023181915283}}