{"0": {"val_acc": 79.23733520507812, "train_acc": 93.53984069824219, "epoch_time": 15.157981157302856}, "1": {"val_acc": 86.46556854248047, "train_acc": 84.1694107055664, "epoch_time": 30.749645233154297}, "2": {"val_acc": 85.6573715209961, "train_acc": 85.63368225097656, "epoch_time": 30.65906858444214}, "3": {"val_acc": 82.185546875, "train_acc": 88.99625396728516, "epoch_time": 30.67471981048584}, "4": {"val_acc": 88.29823303222656, "train_acc": 81.55838775634766, "epoch_time": 24.339450120925903}, "5": {"val_acc": 88.44621276855469, "train_acc": 81.03984069824219, "epoch_time": 24.184292793273926}, "6": {"val_acc": 80.91064453125, "train_acc": 86.21619415283203, "epoch_time": 70.54172253608704}, "7": {"val_acc": 80.28457641601562, "train_acc": 93.72030639648438, "epoch_time": 68.55947375297546}, "8": {"val_acc": 89.07228088378906, "train_acc": 95.0749282836914, "epoch_time": 17.678702116012573}, "9": {"val_acc": 89.91462707519531, "train_acc": 94.90131378173828, "epoch_time": 19.657414436340332}, "10": {"val_acc": 82.26522827148438, "train_acc": 98.35526275634766, "epoch_time": 17.099255323410034}, "11": {"val_acc": 87.64939880371094, "train_acc": 95.5980453491211, "epoch_time": 21.44873023033142}, "12": {"val_acc": 86.72737884521484, "train_acc": 96.01151275634766, "epoch_time": 19.828851222991943}, "13": {"val_acc": 89.10643005371094, "train_acc": 94.0515365600586, "epoch_time": 22.344669818878174}, "14": {"val_acc": 88.92430114746094, "train_acc": 94.99726104736328, "epoch_time": 22.949513912200928}, "15": {"val_acc": 51.8497428894043, "train_acc": 96.33589172363281, "epoch_time": 34.198660135269165}, "16": {"val_acc": 51.86112594604492, "train_acc": 96.33818054199219, "epoch_time": 34.2652473449707}, "17": {"val_acc": 50.63175964355469, "train_acc": 96.64199829101562, "epoch_time": 34.902015924453735}, "18": {"val_acc": 62.56118392944336, "train_acc": 94.12006378173828, "epoch_time": 36.720170974731445}, "19": {"val_acc": 53.705177307128906, "train_acc": 97.00292205810547, "epoch_time": 36.173657178878784}, "20": {"val_acc": 58.57712173461914, "train_acc": 94.8807601928711, "epoch_time": 38.44006681442261}, "21": {"val_acc": 62.17416000366211, "train_acc": 89.43942260742188, "epoch_time": 38.68964695930481}, "22": {"val_acc": 83.8816146850586, "train_acc": 75.08451843261719, "epoch_time": 27.51467800140381}, "23": {"val_acc": 69.25440979003906, "train_acc": 72.28846740722656, "epoch_time": 58.378493309020996}}