{"16": {"val_acc": 13.5, "train_acc": 19.33879852294922, "epoch_time": 65.07387232780457}, "17": {"val_acc": 13.166666984558105, "train_acc": 16.40961456298828, "epoch_time": 65.57013082504272}, "18": {"val_acc": 13.166666984558105, "train_acc": 23.498735427856445, "epoch_time": 74.64742970466614}, "19": {"val_acc": 15.0, "train_acc": 24.9434757232666, "epoch_time": 73.67015314102173}, "20": {"val_acc": 15.09999942779541, "train_acc": 22.399871826171875, "epoch_time": 80.39751982688904}, "21": {"val_acc": 13.766666412353516, "train_acc": 20.778827667236328, "epoch_time": 80.98811769485474}, "22": {"val_acc": 17.933332443237305, "train_acc": 15.797938346862793, "epoch_time": 81.09047627449036}}