{"0": {"val_acc": 40.186668395996094, "train_acc": 49.32558822631836, "epoch_time": 16.092387914657593}, "1": {"val_acc": 52.65999984741211, "train_acc": 47.889957427978516, "epoch_time": 32.63382530212402}, "2": {"val_acc": 52.35333251953125, "train_acc": 51.10398864746094, "epoch_time": 32.549954414367676}, "3": {"val_acc": 43.7933349609375, "train_acc": 46.24955368041992, "epoch_time": 32.64454531669617}, "4": {"val_acc": 51.38666534423828, "train_acc": 49.79522705078125, "epoch_time": 25.65390110015869}, "5": {"val_acc": 52.26000213623047, "train_acc": 49.40793991088867, "epoch_time": 26.04034185409546}, "6": {"val_acc": 44.78666687011719, "train_acc": 45.49501419067383, "epoch_time": 72.93191146850586}, "7": {"val_acc": 43.09333419799805, "train_acc": 46.68580627441406, "epoch_time": 70.18198466300964}, "8": {"val_acc": 53.90666580200195, "train_acc": 59.49296569824219, "epoch_time": 18.641866207122803}, "9": {"val_acc": 54.17333221435547, "train_acc": 66.9604721069336, "epoch_time": 20.447754383087158}, "10": {"val_acc": 41.00666809082031, "train_acc": 50.654380798339844, "epoch_time": 18.21616792678833}, "11": {"val_acc": 60.413333892822266, "train_acc": 62.39984130859375, "epoch_time": 22.17042326927185}, "12": {"val_acc": 60.69333267211914, "train_acc": 63.457088470458984, "epoch_time": 20.175926208496094}, "13": {"val_acc": 57.959999084472656, "train_acc": 57.24715042114258, "epoch_time": 22.91204833984375}, "14": {"val_acc": 60.7933349609375, "train_acc": 60.22970199584961, "epoch_time": 23.588248252868652}, "15": {"val_acc": 25.96666717529297, "train_acc": 95.0854721069336, "epoch_time": 36.41329002380371}, "16": {"val_acc": 25.726667404174805, "train_acc": 96.97515869140625, "epoch_time": 36.74949026107788}, "17": {"val_acc": 25.426666259765625, "train_acc": 94.88737487792969, "epoch_time": 37.37247824668884}, "18": {"val_acc": 25.546667098999023, "train_acc": 62.938480377197266, "epoch_time": 39.144988775253296}, "20": {"val_acc": 26.1200008392334, "train_acc": 51.560272216796875, "epoch_time": 40.58676028251648}, "22": {"val_acc": 49.31999969482422, "train_acc": 42.864139556884766, "epoch_time": 29.037129163742065}}