{"0": {"val_acc": 35.71333312988281, "train_acc": 93.92583465576172, "epoch_time": 14.761416673660278}, "1": {"val_acc": 38.77333450317383, "train_acc": 35.32763671875, "epoch_time": 27.444042921066284}, "2": {"val_acc": 39.4466667175293, "train_acc": 42.50578689575195, "epoch_time": 27.400763750076294}, "3": {"val_acc": 36.31999969482422, "train_acc": 83.2776870727539, "epoch_time": 27.48173689842224}, "4": {"val_acc": 38.02000045776367, "train_acc": 54.88559341430664, "epoch_time": 22.499610662460327}, "5": {"val_acc": 37.65999984741211, "train_acc": 55.92280960083008, "epoch_time": 22.417763233184814}, "6": {"val_acc": 36.733333587646484, "train_acc": 57.43189239501953, "epoch_time": 58.10345911979675}, "7": {"val_acc": 36.060001373291016, "train_acc": 88.00747680664062, "epoch_time": 56.45693802833557}, "8": {"val_acc": 35.366668701171875, "train_acc": 49.939903259277344, "epoch_time": 17.41921615600586}, "9": {"val_acc": 36.19333267211914, "train_acc": 49.00507354736328, "epoch_time": 19.315603733062744}, "10": {"val_acc": 36.619998931884766, "train_acc": 90.68732452392578, "epoch_time": 16.78467059135437}, "11": {"val_acc": 26.566667556762695, "train_acc": 26.760595321655273, "epoch_time": 20.755771160125732}, "12": {"val_acc": 26.50666618347168, "train_acc": 27.196847915649414, "epoch_time": 18.721729040145874}, "13": {"val_acc": 21.739999771118164, "train_acc": 20.750978469848633, "epoch_time": 21.53115749359131}, "14": {"val_acc": 24.46000099182129, "train_acc": 24.116363525390625, "epoch_time": 21.801985502243042}, "15": {"val_acc": 39.31333541870117, "train_acc": 61.4338493347168, "epoch_time": 20.735064268112183}, "16": {"val_acc": 39.65333557128906, "train_acc": 49.93545150756836, "epoch_time": 20.68533945083618}, "17": {"val_acc": 38.04666519165039, "train_acc": 38.44595718383789, "epoch_time": 20.721691608428955}, "18": {"val_acc": 35.72666549682617, "train_acc": 37.17280960083008, "epoch_time": 22.78438925743103}, "19": {"val_acc": 39.3466682434082, "train_acc": 52.098915100097656, "epoch_time": 22.92538857460022}, "20": {"val_acc": 22.6733341217041, "train_acc": 21.432069778442383, "epoch_time": 24.85425615310669}, "21": {"val_acc": 35.266666412353516, "train_acc": 37.28409957885742, "epoch_time": 25.245681285858154}, "22": {"val_acc": 37.47999954223633, "train_acc": 49.0006217956543, "epoch_time": 24.75588059425354}}