{"0": {"val_acc": 51.80999755859375, "train_acc": 64.24479675292969, "epoch_time": 17.208483695983887}, "8": {"val_acc": 70.20999908447266, "train_acc": 72.68830108642578, "epoch_time": 19.72842574119568}, "9": {"val_acc": 69.93999481201172, "train_acc": 71.23197174072266, "epoch_time": 22.079131364822388}, "10": {"val_acc": 55.0, "train_acc": 73.33734130859375, "epoch_time": 19.000449895858765}, "11": {"val_acc": 68.9000015258789, "train_acc": 68.0428695678711, "epoch_time": 23.5981125831604}, "12": {"val_acc": 70.37999725341797, "train_acc": 70.63301849365234, "epoch_time": 21.581412076950073}, "13": {"val_acc": 70.68999481201172, "train_acc": 69.38501739501953, "epoch_time": 24.17767095565796}, "14": {"val_acc": 71.5999984741211, "train_acc": 69.28485870361328, "epoch_time": 25.23135018348694}, "15": {"val_acc": 54.65999984741211, "train_acc": 78.62980651855469, "epoch_time": 28.46920680999756}, "16": {"val_acc": 54.39999771118164, "train_acc": 69.09054565429688, "epoch_time": 28.660330057144165}, "17": {"val_acc": 53.28999710083008, "train_acc": 70.35857391357422, "epoch_time": 29.319027185440063}, "18": {"val_acc": 67.56999969482422, "train_acc": 69.37300109863281, "epoch_time": 31.77755832672119}, "19": {"val_acc": 55.07999801635742, "train_acc": 70.23638153076172, "epoch_time": 31.116400957107544}, "20": {"val_acc": 65.75, "train_acc": 65.59495544433594, "epoch_time": 33.645339012145996}, "21": {"val_acc": 67.0, "train_acc": 67.96875, "epoch_time": 34.02801275253296}}